Workbook
Name DataExported: Inflación!$B$1:$K$30
Name DataExported: TPM!$B$1:$W$371

Sheet Datos para el modelo
B1: Fecha | C1: PD 90+ | D1: TPM | E1: FX | F1: INF_YOY
B2: =+'PD (Morosidad)'!C2 -> 45292 | C2: =+'PD (Morosidad)'!E2 -> 0.010165377 | D2: =+TPM!U36 -> 5.75 | E2: =+GETPIVOTDATA("Tipo cambio venta",'Tipo de cambio'!$F$5,"Months (Fecha)",1,"Years (Fecha)",2024) -> 521.51581 | F2: =+Inflación!E6 -> -1.868634
B3: =+'PD (Morosidad)'!C3 -> 45323 | C3: =+'PD (Morosidad)'!E3 -> 0.010738193 | D3: =+TPM!U65 -> 5.75 | E3: =+GETPIVOTDATA("Tipo cambio venta",'Tipo de cambio'!$F$5,"Months (Fecha)",2,"Years (Fecha)",2024) -> 519.45862 | F3: =+Inflación!E7 -> -1.131406
B4: =+'PD (Morosidad)'!C4 -> 45352 | C4: =+'PD (Morosidad)'!E4 -> 0.011747474 | D4: =+TPM!U96 -> 5.25 | E4: =+GETPIVOTDATA("Tipo cambio venta",'Tipo de cambio'!$F$5,"Months (Fecha)",3,"Years (Fecha)",2024) -> 510.02129 | F4: =+Inflación!E8 -> -1.1863148
B5: =+'PD (Morosidad)'!C5 -> 45383 | C5: =+'PD (Morosidad)'!E5 -> 0.012473501 | D5: =+TPM!U126 -> 4.75 | E5: =+GETPIVOTDATA("Tipo cambio venta",'Tipo de cambio'!$F$5,"Months (Fecha)",4,"Years (Fecha)",2024) -> 504.981 | F5: =+Inflación!E9 -> -0.52081297
B6: =+'PD (Morosidad)'!C6 -> 45413 | C6: =+'PD (Morosidad)'!E6 -> 0.013492357 | D6: =+TPM!U157 -> 4.75 | E6: =+GETPIVOTDATA("Tipo cambio venta",'Tipo de cambio'!$F$5,"Months (Fecha)",5,"Years (Fecha)",2024) -> 515.43742 | F6: =+Inflación!E10 -> -0.33476582
B7: =+'PD (Morosidad)'!C7 -> 45444 | C7: =+'PD (Morosidad)'!E7 -> 0.010710684 | D7: =+TPM!U187 -> 4.75 | E7: =+GETPIVOTDATA("Tipo cambio venta",'Tipo de cambio'!$F$5,"Months (Fecha)",6,"Years (Fecha)",2024) -> 528.993 | F7: =+Inflación!E11 -> -0.03375699
B8: =+'PD (Morosidad)'!C8 -> 45474 | C8: =+'PD (Morosidad)'!E8 -> 0.010953393 | D8: =+TPM!U218 -> 4.75 | E8: =+GETPIVOTDATA("Tipo cambio venta",'Tipo de cambio'!$F$5,"Months (Fecha)",7,"Years (Fecha)",2024) -> 529.24774 | F8: =+Inflación!E12 -> 0.03187455
B9: =+'PD (Morosidad)'!C9 -> 45505 | C9: =+'PD (Morosidad)'!E9 -> 0.011597034 | D9: =+TPM!U249 -> 4.75 | E9: =+GETPIVOTDATA("Tipo cambio venta",'Tipo de cambio'!$F$5,"Months (Fecha)",8,"Years (Fecha)",2024) -> 525.70355 | F9: =+Inflación!E13 -> 0.31250425
B10: =+'PD (Morosidad)'!C10 -> 45536 | C10: =+'PD (Morosidad)'!E10 -> 0.012029055 | D10: =+TPM!U279 -> 4.25 | E10: =+GETPIVOTDATA("Tipo cambio venta",'Tipo de cambio'!$F$5,"Months (Fecha)",9,"Years (Fecha)",2024) -> 522.019 | F10: =+Inflación!E14 -> -0.13585182
B11: =+'PD (Morosidad)'!C11 -> 45566 | C11: =+'PD (Morosidad)'!E11 -> 0.011916556 | D11: =+TPM!U310 -> 4 | E11: =+GETPIVOTDATA("Tipo cambio venta",'Tipo de cambio'!$F$5,"Months (Fecha)",10,"Years (Fecha)",2024) -> 518.64903 | F11: =+Inflación!E15 -> -0.7863946
B12: =+'PD (Morosidad)'!C12 -> 45597 | C12: =+'PD (Morosidad)'!E12 -> 0.012037239 | D12: =+TPM!U340 -> 4 | E12: =+GETPIVOTDATA("Tipo cambio venta",'Tipo de cambio'!$F$5,"Months (Fecha)",11,"Years (Fecha)",2024) -> 513.608 | F12: =+Inflación!E16 -> -0.09182255
B13: =+'PD (Morosidad)'!C13 -> 45627 | C13: =+'PD (Morosidad)'!E13 -> 0.01191713 | D13: =+TPM!U371 -> 4 | E13: =+GETPIVOTDATA("Tipo cambio venta",'Tipo de cambio'!$F$5,"Months (Fecha)",12,"Years (Fecha)",2024) -> 509.1371 | F13: =+Inflación!E17 -> 0.8417193
B14: =+'PD (Morosidad)'!C14 -> 45658 | C14: =+'PD (Morosidad)'!E14 -> 0.011882143 | D14: =+TPM!V36 -> 4 | E14: =+GETPIVOTDATA("Tipo cambio venta",'Tipo de cambio'!$F$5,"Months (Fecha)",1,"Years (Fecha)",2025) -> 508.67452 | F14: =+Inflación!E18 -> 1.150493
B15: =+'PD (Morosidad)'!C15 -> 45689 | C15: =+'PD (Morosidad)'!E15 -> 0.01148865 | D15: =+TPM!V65 -> 0 | E15: =+GETPIVOTDATA("Tipo cambio venta",'Tipo de cambio'!$F$5,"Months (Fecha)",2,"Years (Fecha)",2025) -> 509.92357 | F15: =+Inflación!E19 -> 1.2465414
B16: =+'PD (Morosidad)'!C16 -> 45717 | C16: =+'PD (Morosidad)'!E16 -> 0.011103786 | D16: =+TPM!V96 -> 4 | E16: =+GETPIVOTDATA("Tipo cambio venta",'Tipo de cambio'!$F$5,"Months (Fecha)",3,"Years (Fecha)",2025) -> 504.40355 | F16: =+Inflación!E20 -> 1.2125843
B17: =+'PD (Morosidad)'!C17 -> 45748 | C17: =+'PD (Morosidad)'!E17 -> 0.012641225 | D17: =+TPM!V126 -> 4 | E17: =+GETPIVOTDATA("Tipo cambio venta",'Tipo de cambio'!$F$5,"Months (Fecha)",4,"Years (Fecha)",2025) -> 508.35533 | F17: =+Inflación!E21 -> 0.37188968
B18: =+'PD (Morosidad)'!C18 -> 45778 | C18: =+'PD (Morosidad)'!E18 -> 0.012979844 | D18: =+TPM!V157 -> 4 | E18: =+GETPIVOTDATA("Tipo cambio venta",'Tipo de cambio'!$F$5,"Months (Fecha)",5,"Years (Fecha)",2025) -> 509.32806 | F18: =+Inflación!E22 -> -0.11552014
B19: =+'PD (Morosidad)'!C19 -> 45809 | C19: =+'PD (Morosidad)'!E19 -> 0.01190252 | D19: =+TPM!V187 -> 4 | E19: =+GETPIVOTDATA("Tipo cambio venta",'Tipo de cambio'!$F$5,"Months (Fecha)",6,"Years (Fecha)",2025) -> 508.63633 | F19: =+Inflación!E23 -> -0.21516412
B20: =+'PD (Morosidad)'!C20 -> 45839 | C20: =+'PD (Morosidad)'!E20 -> 0.012059827 | D20: =+TPM!V218 -> 3.75 | E20: =+GETPIVOTDATA("Tipo cambio venta",'Tipo de cambio'!$F$5,"Months (Fecha)",7,"Years (Fecha)",2025) -> 507.23484 | F20: =+Inflación!E24 -> -0.60816885
B21: =+'PD (Morosidad)'!C21 -> 45870 | C21: =+'PD (Morosidad)'!E21 -> 0.012067685 | D21: =+TPM!V249 -> 3.75 | E21: =+GETPIVOTDATA("Tipo cambio venta",'Tipo de cambio'!$F$5,"Months (Fecha)",8,"Years (Fecha)",2025) -> 507.73548 | F21: =+Inflación!E25 -> -0.93582989
B22: =+'PD (Morosidad)'!C22 -> 45901 | C22: =+'PD (Morosidad)'!E22 -> 0.010892421 | D22: =+TPM!V279 -> 3.5 | E22: =+GETPIVOTDATA("Tipo cambio venta",'Tipo de cambio'!$F$5,"Months (Fecha)",9,"Years (Fecha)",2025) -> 507.50667 | F22: =+Inflación!E26 -> -1.0032326
B23: =+'PD (Morosidad)'!C23 -> 45931 | C23: =+'PD (Morosidad)'!E23 -> 0.010747452 | D23: =+TPM!V310 -> 3.5 | E23: =+GETPIVOTDATA("Tipo cambio venta",'Tipo de cambio'!$F$5,"Months (Fecha)",10,"Years (Fecha)",2025) -> 506.00194 | F23: =+Inflación!E27 -> -0.37764121
B24: =+'PD (Morosidad)'!C24 -> 45962 | C24: =+'PD (Morosidad)'!E24 -> 0.01186597 | D24: =+TPM!V340 -> 3.5 | E24: =+GETPIVOTDATA("Tipo cambio venta",'Tipo de cambio'!$F$5,"Months (Fecha)",11,"Years (Fecha)",2025) -> 502.41 | F24: =+Inflación!E28 -> -0.37595225
B25: =+'PD (Morosidad)'!C25 -> 45992 | C25: =+'PD (Morosidad)'!E25 -> 0.012003634 | D25: =+TPM!V371 -> 3.25 | E25: =+GETPIVOTDATA("Tipo cambio venta",'Tipo de cambio'!$F$5,"Months (Fecha)",12,"Years (Fecha)",2025) -> 497.75968 | F25: =+Inflación!E29 -> -1.2267773
B26: =+'PD (Morosidad)'!C26 -> 46023 | C26: =+'PD (Morosidad)'!E26 -> 0.0099209687 | D26: =+TPM!W36 -> 3.25 | E26: =+GETPIVOTDATA("Tipo cambio venta",'Tipo de cambio'!$F$5,"Months (Fecha)",1,"Years (Fecha)",2026) -> 497.94419 | F26: =+Inflación!E30 -> -2.5307416

Sheet PD (Morosidad)
B1: Fecha | E1: PD 90+ | F1: Total | G1: 1 a 30 días | H1: 31 a 60 días | I1: 61 a 90 días | J1: 91 a 180 días | K1: Al día | L1: Cobro judicial | M1: Más de 180 días | O1: Total cartera | P1: Diferencia
B2: 2024-01 | C2: =DATE(LEFT(B2,4),RIGHT(B2,2),1) -> 45292 | D2: =ISNUMBER(C2) -> TRUE | E2: =+(J2+M2)/F2 -> 0.010165377 | F2: =SUM(G2:M2) -> 2.4101746e+13 | G2: 7.430879e+11 | H2: 3.6502981e+11 | I2: 1.8776588e+11 | J2: 1.2177425e+11 | K2: 2.2311059e+13 | L2: 2.4980041e+11 | M2: 1.232291e+11 | O2: 2.4101746e+13 | P2: =+F2-O2 -> 0
B3: 2024-02 | C3: =DATE(LEFT(B3,4),RIGHT(B3,2),1) -> 45323 | D3: =ISNUMBER(C3) -> TRUE | E3: =+(J3+M3)/F3 -> 0.010738193 | F3: =SUM(G3:M3) -> 2.4114389e+13 | G3: 8.7652054e+11 | H3: 3.5808516e+11 | I3: 1.638084e+11 | J3: 1.3072164e+11 | K3: 2.2210644e+13 | L3: 2.463861e+11 | M3: 1.2822331e+11 | O3: 2.4114389e+13 | P3: =+F3-O3 -> 0
B4: 2024-03 | C4: =DATE(LEFT(B4,4),RIGHT(B4,2),1) -> 45352 | D4: =ISNUMBER(C4) -> TRUE | E4: =+(J4+M4)/F4 -> 0.011747474 | F4: =SUM(G4:M4) -> 2.4051653e+13 | G4: 8.4605892e+11 | H4: 4.3960089e+11 | I4: 1.8701914e+11 | J4: 1.4944917e+11 | K4: 2.2053869e+13 | L4: 2.4255907e+11 | M4: 1.33097e+11 | O4: 2.4051653e+13 | P4: =+F4-O4 -> 0
B5: 2024-04 | C5: =DATE(LEFT(B5,4),RIGHT(B5,2),1) -> 45383 | D5: =ISNUMBER(C5) -> TRUE | E5: =+(J5+M5)/F5 -> 0.012473501 | F5: =SUM(G5:M5) -> 2.4234857e+13 | G5: 8.4427535e+11 | H5: 3.3908455e+11 | I5: 2.2345396e+11 | J5: 1.6330622e+11 | K5: 2.2280926e+13 | L5: 2.4482381e+11 | M5: 1.389873e+11 | O5: 2.4234857e+13 | P5: =+F5-O5 -> 0
B6: 2024-05 | C6: =DATE(LEFT(B6,4),RIGHT(B6,2),1) -> 45413 | D6: =ISNUMBER(C6) -> TRUE | E6: =+(J6+M6)/F6 -> 0.013492357 | F6: =SUM(G6:M6) -> 2.4661737e+13 | G6: 7.8029687e+11 | H6: 4.0356889e+11 | I6: 1.9075232e+11 | J6: 1.8613388e+11 | K6: 2.271042e+13 | L6: 2.4395439e+11 | M6: 1.4661108e+11 | O6: 2.4661737e+13 | P6: =+F6-O6 -> 0
B7: 2024-06 | C7: =DATE(LEFT(B7,4),RIGHT(B7,2),1) -> 45444 | D7: =ISNUMBER(C7) -> TRUE | E7: =+(J7+M7)/F7 -> 0.010710684 | F7: =SUM(G7:M7) -> 2.4267441e+13 | G7: 8.5371164e+11 | H7: 3.1391996e+11 | I7: 1.9005993e+11 | J7: 1.3905103e+11 | K7: 2.2418125e+13 | L7: 2.3170332e+11 | M7: 1.2086986e+11 | O7: 2.4267441e+13 | P7: =+F7-O7 -> 0
B8: 2024-07 | C8: =DATE(LEFT(B8,4),RIGHT(B8,2),1) -> 45474 | D8: =ISNUMBER(C8) -> TRUE | E8: =+(J8+M8)/F8 -> 0.010953393 | F8: =SUM(G8:M8) -> 2.4414825e+13 | G8: 7.2362464e+11 | H8: 3.6640025e+11 | I8: 1.7128046e+11 | J8: 1.4094648e+11 | K8: 2.2653495e+13 | L8: 2.325997e+11 | M8: 1.2647869e+11 | O8: 2.4414825e+13 | P8: =+F8-O8 -> 0
B9: 2024-08 | C9: =DATE(LEFT(B9,4),RIGHT(B9,2),1) -> 45505 | D9: =ISNUMBER(C9) -> TRUE | E9: =+(J9+M9)/F9 -> 0.011597034 | F9: =SUM(G9:M9) -> 2.4752557e+13 | G9: 8.3869398e+11 | H9: 3.8298886e+11 | I9: 2.1929032e+11 | J9: 1.494829e+11 | K9: 2.2780479e+13 | L9: 2.4404839e+11 | M9: 1.3757335e+11 | O9: 2.4752557e+13 | P9: =+F9-O9 -> 0
B10: 2024-09 | C10: =DATE(LEFT(B10,4),RIGHT(B10,2),1) -> 45536 | D10: =ISNUMBER(C10) -> TRUE | E10: =+(J10+M10)/F10 -> 0.012029055 | F10: =SUM(G10:M10) -> 2.4888817e+13 | G10: 8.5223885e+11 | H10: 3.5264144e+11 | I10: 1.953087e+11 | J10: 1.6638185e+11 | K10: 2.294368e+13 | L10: 2.455594e+11 | M10: 1.3300709e+11 | O10: 2.4888817e+13 | P10: =+F10-O10 -> 0
B11: 2024-10 | C11: =DATE(LEFT(B11,4),RIGHT(B11,2),1) -> 45566 | D11: =ISNUMBER(C11) -> TRUE | E11: =+(J11+M11)/F11 -> 0.011916556 | F11: =SUM(G11:M11) -> 2.483972e+13 | G11: 7.6497815e+11 | H11: 3.7023148e+11 | I11: 1.923126e+11 | J11: 1.672395e+11 | K11: 2.2983106e+13 | L11: 2.3308747e+11 | M11: 1.2876442e+11 | O11: 2.483972e+13 | P11: =+F11-O11 -> 0
B12: 2024-11 | C12: =DATE(LEFT(B12,4),RIGHT(B12,2),1) -> 45597 | D12: =ISNUMBER(C12) -> TRUE | E12: =+(J12+M12)/F12 -> 0.012037239 | F12: =SUM(G12:M12) -> 2.49269e+13 | G12: 8.5348002e+11 | H12: 3.278619e+11 | I12: 1.8991589e+11 | J12: 1.7964235e+11 | K12: 2.3018326e+13 | L12: 2.3726517e+11 | M12: 1.204087e+11 | O12: 2.49269e+13 | P12: =+F12-O12 -> 0
B13: 2024-12 | C13: =DATE(LEFT(B13,4),RIGHT(B13,2),1) -> 45627 | D13: =ISNUMBER(C13) -> TRUE | E13: =+(J13+M13)/F13 -> 0.01191713 | F13: =SUM(G13:M13) -> 2.5044834e+13 | G13: 7.8687758e+11 | H13: 3.6517494e+11 | I13: 1.7555787e+11 | J13: 1.8172086e+11 | K13: 2.318877e+13 | L13: 2.299906e+11 | M13: 1.1674167e+11 | O13: 2.5044834e+13 | P13: =+F13-O13 -> 0
... B26: 2026-01 | C26: =DATE(LEFT(B26,4),RIGHT(B26,2),1) -> 46023 | D26: =ISNUMBER(C26) -> TRUE | E26: =+(J26+M26)/F26 -> 0.0099209687 | F26: =SUM(G26:M26) -> 2.2384778e+13 | G26: 6.9370261e+11 | H26: 3.0341445e+11 | I26: 1.6559191e+11 | J26: 1.4898408e+11 | K26: 2.076483e+13 | L26: 2.3515977e+11 | M26: 7.3094601e+10 | O26: 2.2384778e+13 | P26: =+F26-O26 -> 0

Sheet TPM
B1: Tasa de política monetaria
B2: Para operaciones en moneda nacional del Banco Central de Costa Rica (BCCR)
C5: 2006 | D5: 2007 | E5: 2008 | F5: 2009 | G5: 2010 | H5: 2011 | I5: 2012 | J5: 2013 | K5: 2014 | L5: 2015 | M5: 2016 | N5: 2017 | O5: 2018 | P5: 2019 | Q5: 2020 | R5: 2021 | S5: 2022 | T5: 2023 | U5: 2024 | V5: 2025 | W5: 2026
B6: 1 Ene | F6: 10 | G6: 9 | H6: 6.5 | I6: 5 | J6: 5 | K6: 3.75 | L6: 5.25 | M6: 2.25 | N6: 1.75 | O6: 4.75 | P6: 5.25 | Q6: 2.75 | R6: 0.75 | S6: 1.25 | T6: 9 | U6: 6 | V6: 4 | W6: 3.25
B7: 2 Ene | D7: 8.97 | E7: 5.52 | F7: 10 | G7: 9 | H7: 6.5 | I7: 5 | J7: 5 | K7: 3.75 | L7: 5.25 | M7: 2.25 | N7: 1.75 | O7: 4.75 | P7: 5.25 | Q7: 2.75 | R7: 0.75 | S7: 1.25 | T7: 9 | U7: 6 | V7: 4 | W7: 3.25
B8: 3 Ene | D8: 8.97 | E8: 5.52 | F8: 10 | G8: 9 | H8: 6.5 | I8: 5 | J8: 5 | K8: 3.75 | L8: 5.25 | M8: 2.25 | N8: 1.75 | O8: 4.75 | P8: 5.25 | Q8: 2.75 | R8: 0.75 | S8: 1.25 | T8: 9 | U8: 6 | V8: 4 | W8: 3.25
B9: 4 Ene | D9: 8.97 | E9: 5.52 | F9: 10 | G9: 9 | H9: 6.5 | I9: 5 | J9: 5 | K9: 3.75 | L9: 5.25 | M9: 1.75 | N9: 1.75 | O9: 4.75 | P9: 5.25 | Q9: 2.75 | R9: 0.75 | S9: 1.25 | T9: 9 | U9: 6 | V9: 4 | W9: 3.25
B10: 5 Ene | D10: 8.97 | F10: 10 | G10: 9 | H10: 6.5 | I10: 5 | J10: 5 | K10: 3.75 | L10: 5.25 | M10: 1.75 | N10: 1.75 | O10: 4.75 | P10: 5.25 | Q10: 2.75 | R10: 0.75 | S10: 1.25 | T10: 9 | U10: 6 | V10: 4 | W10: 3.25
B11: 6 Ene | F11: 10 | G11: 9 | H11: 6.5 | I11: 5 | J11: 5 | K11: 3.75 | L11: 5.25 | M11: 1.75 | N11: 1.75 | O11: 4.75 | P11: 5.25 | Q11: 2.75 | R11: 0.75 | S11: 1.25 | T11: 9 | U11: 6 | V11: 4 | W11: 3.25
B12: 7 Ene | E12: 5.52 | F12: 10 | G12: 9 | H12: 6.5 | I12: 5 | J12: 5 | K12: 3.75 | L12: 5.25 | M12: 1.75 | N12: 1.75 | O12: 4.75 | P12: 5.25 | Q12: 2.75 | R12: 0.75 | S12: 1.25 | T12: 9 | U12: 6 | V12: 4 | W12: 3.25
B13: 8 Ene | D13: 8.97 | E13: 5.52 | F13: 10 | G13: 9 | H13: 6.5 | I13: 5 | J13: 5 | K13: 3.75 | L13: 5.25 | M13: 1.75 | N13: 1.75 | O13: 4.75 | P13: 5.25 | Q13: 2.75 | R13: 0.75 | S13: 1.25 | T13: 9 | U13: 6 | V13: 4 | W13: 3.25
B14: 9 Ene | D14: 8.97 | E14: 5.52 | F14: 10 | G14: 9 | H14: 6.5 | I14: 5 | J14: 5 | K14: 3.75 | L14: 5.25 | M14: 1.75 | N14: 1.75 | O14: 4.75 | P14: 5.25 | Q14: 2.75 | R14: 0.75 | S14: 1.25 | T14: 9 | U14: 6 | V14: 4 | W14: 3.25
B15: 10 Ene | D15: 8.97 | E15: 5.52 | F15: 10 | G15: 9 | H15: 6.5 | I15: 5 | J15: 5 | K15: 3.75 | L15: 5.25 | M15: 1.75 | N15: 1.75 | O15: 4.75 | P15: 5.25 | Q15: 2.75 | R15: 0.75 | S15: 1.25 | T15: 9 | U15: 6 | V15: 4 | W15: 3.25
B16: 11 Ene | D16: 8.97 | E16: 5.52 | F16: 10 | G16: 9 | H16: 6.5 | I16: 5 | J16: 5 | K16: 3.75 | L16: 5.25 | M16: 1.75 | N16: 1.75 | O16: 4.75 | P16: 5.25 | Q16: 2.75 | R16: 0.75 | S16: 1.25 | T16: 9 | U16: 6 | V16: 4 | W16: 3.25
B17: 12 Ene | D17: 8.97 | F17: 10 | G17: 9 | H17: 6.5 | I17: 5 | J17: 5 | K17: 3.75 | L17: 5.25 | M17: 1.75 | N17: 1.75 | O17: 4.75 | P17: 5.25 | Q17: 2.75 | R17: 0.75 | S17: 1.25 | T17: 9 | U17: 6 | V17: 4 | W17: 3.25
B18: 13 Ene | F18: 10 | G18: 9 | H18: 6.5 | I18: 5 | J18: 5 | K18: 3.75 | L18: 5.25 | M18: 1.75 | N18: 1.75 | O18: 4.75 | P18: 5.25 | Q18: 2.75 | R18: 0.75 | S18: 1.25 | T18: 9 | U18: 6 | V18: 4 | W18: 3.25
B19: 14 Ene | E19: 5.52 | F19: 10 | G19: 9 | H19: 6.5 | I19: 5 | J19: 5 | K19: 3.75 | L19: 5.25 | M19: 1.75 | N19: 1.75 | O19: 4.75 | P19: 5.25 | Q19: 2.75 | R19: 0.75 | S19: 1.25 | T19: 9 | U19: 6 | V19: 4 | W19: 3.25
B20: 15 Ene | D20: 8.97 | E20: 5.52 | F20: 10 | G20: 9 | H20: 6.5 | I20: 5 | J20: 5 | K20: 3.75 | L20: 5.25 | M20: 1.75 | N20: 1.75 | O20: 4.75 | P20: 5.25 | Q20: 2.75 | R20: 0.75 | S20: 1.25 | T20: 9 | U20: 6 | V20: 4 | W20: 3.25
B21: 16 Ene | D21: 8.97 | E21: 5.52 | F21: 10 | G21: 9 | H21: 6.5 | I21: 5 | J21: 5 | K21: 3.75 | L21: 5.25 | M21: 1.75 | N21: 1.75 | O21: 4.75 | P21: 5.25 | Q21: 2.75 | R21: 0.75 | S21: 1.25 | T21: 9 | U21: 6 | V21: 4 | W21: 3.25
B22: 17 Ene | D22: 8.97 | E22: 5.52 | F22: 10 | G22: 9 | H22: 6.5 | I22: 5 | J22: 5 | K22: 3.75 | L22: 5.25 | M22: 1.75 | N22: 1.75 | O22: 4.75 | P22: 5.25 | Q22: 2.75 | R22: 0.75 | S22: 1.25 | T22: 9 | U22: 6 | V22: 4 | W22: 3.25
B23: 18 Ene | D23: 8.97 | E23: 5.52 | F23: 10 | G23: 9 | H23: 6.5 | I23: 5 | J23: 5 | K23: 3.75 | L23: 5.25 | M23: 1.75 | N23: 1.75 | O23: 4.75 | P23: 5.25 | Q23: 2.75 | R23: 0.75 | S23: 1.25 | T23: 9 | U23: 6 | V23: 4 | W23: 3.25
B24: 19 Ene | D24: 8.97 | F24: 10 | G24: 9 | H24: 6.5 | I24: 5 | J24: 5 | K24: 3.75 | L24: 5.25 | M24: 1.75 | N24: 1.75 | O24: 4.75 | P24: 5.25 | Q24: 2.75 | R24: 0.75 | S24: 1.25 | T24: 9 | U24: 5.75 | V24: 4 | W24: 3.25
B25: 20 Ene | F25: 10 | G25: 9 | H25: 6.5 | I25: 5 | J25: 5 | K25: 3.75 | L25: 5.25 | M25: 1.75 | N25: 1.75 | O25: 4.75 | P25: 5.25 | Q25: 2.75 | R25: 0.75 | S25: 1.25 | T25: 9 | U25: 5.75 | V25: 4 | W25: 3.25
B26: 21 Ene | E26: 5.52 | F26: 10 | G26: 9 | H26: 6.5 | I26: 5 | J26: 5 | K26: 3.75 | L26: 5.25 | M26: 1.75 | N26: 1.75 | O26: 4.75 | P26: 5.25 | Q26: 2.75 | R26: 0.75 | S26: 1.25 | T26: 9 | U26: 5.75 | V26: 4 | W26: 3.25
B27: 22 Ene | D27: 8.97 | E27: 5.52 | F27: 10 | G27: 9 | H27: 6.5 | I27: 5 | J27: 5 | K27: 3.75 | L27: 5.25 | M27: 1.75 | N27: 1.75 | O27: 4.75 | P27: 5.25 | Q27: 2.75 | R27: 0.75 | S27: 1.25 | T27: 9 | U27: 5.75 | V27: 4 | W27: 3.25
B28: 23 Ene | D28: 8.97 | E28: 5.52 | F28: 10 | G28: 9 | H28: 6.5 | I28: 5 | J28: 5 | K28: 3.75 | L28: 5.25 | M28: 1.75 | N28: 1.75 | O28: 4.75 | P28: 5.25 | Q28: 2.75 | R28: 0.75 | S28: 1.25 | T28: 9 | U28: 5.75 | V28: 4 | W28: 3.25
B29: 24 Ene | D29: 8.97 | E29: 5.52 | F29: 10 | G29: 9 | H29: 6.5 | I29: 5 | J29: 5 | K29: 3.75 | L29: 5.25 | M29: 1.75 | N29: 1.75 | O29: 4.75 | P29: 5.25 | Q29: 2.75 | R29: 0.75 | S29: 1.25 | T29: 9 | U29: 5.75 | V29: 4 | W29: 3.25
B30: 25 Ene | D30: 8.97 | E30: 5.52 | F30: 10 | G30: 9 | H30: 6.5 | I30: 5 | J30: 5 | K30: 3.75 | L30: 5.25 | M30: 1.75 | N30: 1.75 | O30: 4.75 | P30: 5.25 | Q30: 2.75 | R30: 0.75 | S30: 1.25 | T30: 9 | U30: 5.75 | V30: 4 | W30: 3.25
B31: 26 Ene | D31: 8.97 | F31: 10 | G31: 9 | H31: 6.5 | I31: 5 | J31: 5 | K31: 3.75 | L31: 5.25 | M31: 1.75 | N31: 1.75 | O31: 4.75 | P31: 5.25 | Q31: 2.75 | R31: 0.75 | S31: 1.25 | T31: 9 | U31: 5.75 | V31: 4 | W31: 3.25
B32: 27 Ene | F32: 10 | G32: 9 | H32: 6.5 | I32: 5 | J32: 5 | K32: 3.75 | L32: 5.25 | M32: 1.75 | N32: 1.75 | O32: 4.75 | P32: 5.25 | Q32: 2.75 | R32: 0.75 | S32: 1.75 | T32: 9 | U32: 5.75 | V32: 4 | W32: 3.25
B33: 28 Ene | E33: 5.52 | F33: 10 | G33: 9 | H33: 6.5 | I33: 5 | J33: 5 | K33: 3.75 | L33: 5.25 | M33: 1.75 | N33: 1.75 | O33: 4.75 | P33: 5.25 | Q33: 2.75 | R33: 0.75 | S33: 1.75 | T33: 9 | U33: 5.75 | V33: 4 | W33: 3.25
B34: 29 Ene | D34: 8.97 | E34: 5.52 | F34: 10 | G34: 9 | H34: 6.5 | I34: 5 | J34: 5 | K34: 3.75 | L34: 5.25 | M34: 1.75 | N34: 1.75 | O34: 4.75 | P34: 5.25 | Q34: 2.75 | R34: 0.75 | S34: 1.75 | T34: 9 | U34: 5.75 | V34: 4 | W34: 3.25
B35: 30 Ene | D35: 5.98 | E35: 5.52 | F35: 10 | G35: 9 | H35: 6.5 | I35: 5 | J35: 5 | K35: 3.75 | L35: 5.25 | M35: 1.75 | N35: 1.75 | O35: 4.75 | P35: 5.25 | Q35: 2.25 | R35: 0.75 | S35: 1.75 | T35: 9 | U35: 5.75 | V35: 4 | W35: 3.25
B36: 31 Ene | D36: 5.98 | E36: 5.99 | F36: 10 | G36: 9 | H36: 6.5 | I36: 5 | J36: 5 | K36: 3.75 | L36: 5.25 | M36: 1.75 | N36: 1.75 | O36: 4.75 | P36: 5.25 | Q36: 2.25 | R36: 0.75 | S36: 1.75 | T36: 9 | U36: 5.75 | V36: 4 | W36: 3.25
B37: 1 Feb | D37: 5.98 | E37: 5.99 | F37: 10 | G37: 9 | H37: 6.5 | I37: 5 | J37: 5 | K37: 3.75 | L37: 5.25 | M37: 1.75 | N37: 1.75 | O37: 5 | P37: 5.25 | Q37: 2.25 | R37: 0.75 | S37: 1.75 | T37: 9 | U37: 5.75 | V37: 4 | W37: 3.25
B38: 2 Feb | D38: 5.98 | F38: 10 | G38: 9 | H38: 6.5 | I38: 5 | J38: 5 | K38: 3.75 | L38: 4.75 | M38: 1.75 | N38: 1.75 | O38: 5 | P38: 5.25 | Q38: 2.25 | R38: 0.75 | S38: 1.75 | T38: 9 | U38: 5.75 | V38: 4 | W38: 3.25
B39: 3 Feb | F39: 10 | G39: 9 | H39: 6.5 | I39: 5 | J39: 5 | K39: 3.75 | L39: 4.75 | M39: 1.75 | N39: 1.75 | O39: 5 | P39: 5.25 | Q39: 2.25 | R39: 0.75 | S39: 1.75 | T39: 9 | U39: 5.75 | V39: 4 | W39: 3.25
B40: 4 Feb | E40: 5.99 | F40: 10 | G40: 9 | H40: 6.5 | I40: 5 | J40: 5 | K40: 3.75 | L40: 4.75 | M40: 1.75 | N40: 1.75 | O40: 5 | P40: 5.25 | Q40: 2.25 | R40: 0.75 | S40: 1.75 | T40: 9 | U40: 5.75 | V40: 4 | W40: 3.25
B41: 5 Feb | D41: 5.98 | E41: 5.99 | F41: 10 | G41: 9 | H41: 6.5 | I41: 5 | J41: 5 | K41: 3.75 | L41: 4.75 | M41: 1.75 | N41: 1.75 | O41: 5 | P41: 5.25 | Q41: 2.25 | R41: 0.75 | S41: 1.75 | T41: 9 | U41: 5.75 | V41: 4 | W41: 3.25
B42: 6 Feb | D42: 5.98 | E42: 5.99 | F42: 10 | G42: 9 | H42: 6.5 | I42: 5 | J42: 5 | K42: 3.75 | L42: 4.75 | M42: 1.75 | N42: 1.75 | O42: 5 | P42: 5.25 | Q42: 2.25 | R42: 0.75 | S42: 1.75 | T42: 9 | U42: 5.75 | V42: 4 | W42: 3.25
B43: 7 Feb | D43: 5.98 | E43: 5.99 | F43: 10 | G43: 9 | H43: 6.5 | I43: 5 | J43: 5 | K43: 3.75 | L43: 4.75 | M43: 1.75 | N43: 1.75 | O43: 5 | P43: 5.25 | Q43: 2.25 | R43: 0.75 | S43: 1.75 | T43: 9 | U43: 5.75 | V43: 4 | W43: 3.25
B44: 8 Feb | D44: 5.98 | E44: 5.99 | F44: 10 | G44: 9 | H44: 6.5 | I44: 5 | J44: 5 | K44: 3.75 | L44: 4.75 | M44: 1.75 | N44: 1.75 | O44: 5 | P44: 5.25 | Q44: 2.25 | R44: 0.75 | S44: 1.75 | T44: 9 | U44: 5.75 | V44: 4 | W44: 3.25
B45: 9 Feb | D45: 5.98 | F45: 10 | G45: 9 | H45: 6.5 | I45: 5 | J45: 5 | K45: 3.75 | L45: 4.75 | M45: 1.75 | N45: 1.75 | O45: 5 | P45: 5.25 | Q45: 2.25 | R45: 0.75 | S45: 1.75 | T45: 9 | U45: 5.75 | V45: 4 | W45: 3.25
B46: 10 Feb | F46: 10 | G46: 9 | H46: 6.5 | I46: 5 | J46: 5 | K46: 3.75 | L46: 4.75 | M46: 1.75 | N46: 1.75 | O46: 5 | P46: 5.25 | Q46: 2.25 | R46: 0.75 | S46: 1.75 | T46: 9 | U46: 5.75 | V46: 4 | W46: 3.25
B47: 11 Feb | E47: 5.99 | F47: 10 | G47: 9 | H47: 6.5 | I47: 5 | J47: 5 | K47: 3.75 | L47: 4.75 | M47: 1.75 | N47: 1.75 | O47: 5 | P47: 5.25 | Q47: 2.25 | R47: 0.75 | S47: 1.75 | T47: 9 | U47: 5.75 | V47: 4 | W47: 3.25
B48: 12 Feb | D48: 5.98 | E48: 5.99 | F48: 10 | G48: 9 | H48: 6.5 | I48: 5 | J48: 5 | K48: 3.75 | L48: 4.75 | M48: 1.75 | N48: 1.75 | O48: 5 | P48: 5.25 | Q48: 2.25 | R48: 0.75 | S48: 1.75 | T48: 9 | U48: 5.75 | V48: 4 | W48: 3.25
B49: 13 Feb | D49: 5.98 | E49: 5.99 | F49: 10 | G49: 9 | H49: 6.5 | I49: 5 | J49: 5 | K49: 3.75 | L49: 4.75 | M49: 1.75 | N49: 1.75 | O49: 5 | P49: 5.25 | Q49: 2.25 | R49: 0.75 | S49: 1.75 | T49: 9 | U49: 5.75 | V49: 4 | W49: 3.25
B50: 14 Feb | D50: 5.98 | E50: 5.99 | F50: 10 | G50: 9 | H50: 6.5 | I50: 5 | J50: 5 | K50: 3.75 | L50: 4.75 | M50: 1.75 | N50: 1.75 | O50: 5 | P50: 5.25 | Q50: 2.25 | R50: 0.75 | S50: 1.75 | T50: 9 | U50: 5.75 | V50: 4 | W50: 3.25
B51: 15 Feb | D51: 5.98 | E51: 5.99 | F51: 10 | G51: 9 | H51: 6.5 | I51: 5 | J51: 5 | K51: 3.75 | L51: 4.75 | M51: 1.75 | N51: 1.75 | O51: 5 | P51: 5.25 | Q51: 2.25 | R51: 0.75 | S51: 1.75 | T51: 9 | U51: 5.75 | V51: 4 | W51: 3.25
B52: 16 Feb | D52: 5.98 | F52: 10 | G52: 9 | H52: 6.5 | I52: 5 | J52: 5 | K52: 3.75 | L52: 4.75 | M52: 1.75 | N52: 1.75 | O52: 5 | P52: 5.25 | Q52: 2.25 | R52: 0.75 | S52: 1.75 | T52: 9 | U52: 5.75 | V52: 4 | W52: 3.25
B53: 17 Feb | F53: 10 | G53: 9 | H53: 6.5 | I53: 5 | J53: 5 | K53: 3.75 | L53: 4.75 | M53: 1.75 | N53: 1.75 | O53: 5 | P53: 5.25 | Q53: 2.25 | R53: 0.75 | S53: 1.75 | T53: 9 | U53: 5.75 | V53: 4 | W53: 3.25
B54: 18 Feb | E54: 5.99 | F54: 10 | G54: 9 | H54: 6.5 | I54: 5 | J54: 5 | K54: 3.75 | L54: 4.75 | M54: 1.75 | N54: 1.75 | O54: 5 | P54: 5.25 | Q54: 2.25 | R54: 0.75 | S54: 1.75 | T54: 9 | U54: 5.75 | V54: 4
B55: 19 Feb | D55: 5.98 | E55: 5.99 | F55: 10 | G55: 9 | H55: 6.5 | I55: 5 | J55: 5 | K55: 3.75 | L55: 4.75 | M55: 1.75 | N55: 1.75 | O55: 5 | P55: 5.25 | Q55: 2.25 | R55: 0.75 | S55: 1.75 | T55: 9 | U55: 5.75 | V55: 4
B56: 20 Feb | D56: 5.98 | E56: 5.99 | F56: 10 | G56: 9 | H56: 6.5 | I56: 5 | J56: 5 | K56: 3.75 | L56: 4.75 | M56: 1.75 | N56: 1.75 | O56: 5 | P56: 5.25 | Q56: 2.25 | R56: 0.75 | S56: 1.75 | T56: 9 | U56: 5.75 | V56: 4
B57: 21 Feb | D57: 5.98 | E57: 5.99 | F57: 10 | G57: 9 | H57: 6.5 | I57: 5 | J57: 5 | K57: 3.75 | L57: 4.75 | M57: 1.75 | N57: 1.75 | O57: 5 | P57: 5.25 | Q57: 2.25 | R57: 0.75 | S57: 1.75 | T57: 9 | U57: 5.75 | V57: 4
B58: 22 Feb | D58: 5.98 | E58: 5.99 | F58: 10 | G58: 9 | H58: 6.5 | I58: 5 | J58: 5 | K58: 3.75 | L58: 4.75 | M58: 1.75 | N58: 1.75 | O58: 5 | P58: 5.25 | Q58: 2.25 | R58: 0.75 | S58: 1.75 | T58: 9 | U58: 5.75 | V58: 4
B59: 23 Feb | D59: 5.98 | F59: 10 | G59: 9 | H59: 6.5 | I59: 5 | J59: 5 | K59: 3.75 | L59: 4.75 | M59: 1.75 | N59: 1.75 | O59: 5 | P59: 5.25 | Q59: 2.25 | R59: 0.75 | S59: 1.75 | T59: 9 | U59: 5.75 | V59: 4
B60: 24 Feb | F60: 10 | G60: 9 | H60: 6.5 | I60: 5 | J60: 5 | K60: 3.75 | L60: 4.75 | M60: 1.75 | N60: 1.75 | O60: 5 | P60: 5.25 | Q60: 2.25 | R60: 0.75 | S60: 1.75 | T60: 9 | U60: 5.75 | V60: 4
B61: 25 Feb | E61: 5.99 | F61: 10 | G61: 9 | H61: 6.5 | I61: 5 | J61: 5 | K61: 3.75 | L61: 4.75 | M61: 1.75 | N61: 1.75 | O61: 5 | P61: 5.25 | Q61: 2.25 | R61: 0.75 | S61: 1.75 | T61: 9 | U61: 5.75 | V61: 4
B62: 26 Feb | D62: 5.98 | E62: 5.99 | F62: 10 | G62: 9 | H62: 6.5 | I62: 5 | J62: 5 | K62: 3.75 | L62: 4.75 | M62: 1.75 | N62: 1.75 | O62: 5 | P62: 5.25 | Q62: 2.25 | R62: 0.75 | S62: 1.75 | T62: 9 | U62: 5.75 | V62: 4
B63: 27 Feb | D63: 5.98 | E63: 5.99 | F63: 10 | G63: 9 | H63: 6.5 | I63: 5 | J63: 5 | K63: 3.75 | L63: 4.75 | M63: 1.75 | N63: 1.75 | O63: 5 | P63: 5.25 | Q63: 2.25 | R63: 0.75 | S63: 1.75 | T63: 9 | U63: 5.75 | V63: 4
B64: 28 Feb | D64: 5.98 | E64: 5.99 | F64: 10 | G64: 9 | H64: 6.5 | I64: 5 | J64: 5 | K64: 3.75 | L64: 4.75 | M64: 1.75 | N64: 1.75 | O64: 5 | P64: 5.25 | Q64: 2.25 | R64: 0.75 | S64: 1.75 | T64: 9 | U64: 5.75 | V64: 4
B65: 29 Feb | E65: 5.99 | I65: 5 | M65: 1.75 | Q65: 2.25 | U65: 5.75
B66: 1 Mar | D66: 5.98 | F66: 10 | G66: 9 | H66: 6.5 | I66: 5 | J66: 5 | K66: 3.75 | L66: 4.75 | M66: 1.75 | N66: 1.75 | O66: 5 | P66: 5.25 | Q66: 2.25 | R66: 0.75 | S66: 1.75 | T66: 9 | U66: 5.75 | V66: 4
B67: 2 Mar | D67: 5.98 | F67: 10 | G67: 9 | H67: 6.5 | I67: 5 | J67: 5 | K67: 3.75 | L67: 4.75 | M67: 1.75 | N67: 1.75 | O67: 5 | P67: 5.25 | Q67: 2.25 | R67: 0.75 | S67: 1.75 | T67: 9 | U67: 5.75 | V67: 4
B68: 3 Mar | E68: 5.99 | F68: 10 | G68: 9 | H68: 6.5 | I68: 5 | J68: 5 | K68: 3.75 | L68: 4.75 | M68: 1.75 | N68: 1.75 | O68: 5 | P68: 5.25 | Q68: 2.25 | R68: 0.75 | S68: 1.75 | T68: 9 | U68: 5.75 | V68: 4
B69: 4 Mar | E69: 5.99 | F69: 10 | G69: 9 | H69: 6.5 | I69: 5 | J69: 5 | K69: 3.75 | L69: 4.75 | M69: 1.75 | N69: 1.75 | O69: 5 | P69: 5.25 | Q69: 2.25 | R69: 0.75 | S69: 1.75 | T69: 9 | U69: 5.75 | V69: 4
B70: 5 Mar | D70: 5.98 | E70: 5.99 | F70: 10 | G70: 9 | H70: 6.5 | I70: 5 | J70: 5 | K70: 3.75 | L70: 4.75 | M70: 1.75 | N70: 1.75 | O70: 5 | P70: 5.25 | Q70: 2.25 | R70: 0.75 | S70: 1.75 | T70: 9 | U70: 5.75 | V70: 4
B71: 6 Mar | D71: 5.98 | E71: 5.99 | F71: 10 | G71: 9 | H71: 6.5 | I71: 5 | J71: 5 | K71: 3.75 | L71: 4.75 | M71: 1.75 | N71: 1.75 | O71: 5 | P71: 5.25 | Q71: 2.25 | R71: 0.75 | S71: 1.75 | T71: 9 | U71: 5.75 | V71: 4
B72: 7 Mar | D72: 5.98 | E72: 5.99 | F72: 10 | G72: 9 | H72: 6.5 | I72: 5 | J72: 5 | K72: 3.75 | L72: 4.75 | M72: 1.75 | N72: 1.75 | O72: 5 | P72: 5.25 | Q72: 2.25 | R72: 0.75 | S72: 1.75 | T72: 9 | U72: 5.75 | V72: 4
B73: 8 Mar | D73: 5.98 | F73: 10 | G73: 9 | H73: 6.5 | I73: 5 | J73: 5 | K73: 3.75 | L73: 4.75 | M73: 1.75 | N73: 1.75 | O73: 5 | P73: 5.25 | Q73: 2.25 | R73: 0.75 | S73: 1.75 | T73: 9 | U73: 5.75 | V73: 4
B74: 9 Mar | D74: 5.98 | F74: 10 | G74: 9 | H74: 6.5 | I74: 5 | J74: 5 | K74: 3.75 | L74: 4.75 | M74: 1.75 | N74: 1.75 | O74: 5 | P74: 5.25 | Q74: 2.25 | R74: 0.75 | S74: 1.75 | T74: 9 | U74: 5.75 | V74: 4
B75: 10 Mar | E75: 5.99 | F75: 10 | G75: 9 | H75: 6.5 | I75: 5 | J75: 5 | K75: 3.75 | L75: 4.75 | M75: 1.75 | N75: 1.75 | O75: 5 | P75: 5.25 | Q75: 2.25 | R75: 0.75 | S75: 1.75 | T75: 9 | U75: 5.75 | V75: 4
B76: 11 Mar | E76: 5.99 | F76: 10 | G76: 9 | H76: 6.5 | I76: 5 | J76: 5 | K76: 3.75 | L76: 4.75 | M76: 1.75 | N76: 1.75 | O76: 5 | P76: 5.25 | Q76: 2.25 | R76: 0.75 | S76: 1.75 | T76: 9 | U76: 5.75 | V76: 4
B77: 12 Mar | D77: 5.98 | E77: 5.99 | F77: 10 | G77: 9 | H77: 6.5 | I77: 5 | J77: 5 | K77: 3.75 | L77: 4.75 | M77: 1.75 | N77: 1.75 | O77: 5 | P77: 5.25 | Q77: 2.25 | R77: 0.75 | S77: 1.75 | T77: 9 | U77: 5.75 | V77: 4
B78: 13 Mar | D78: 5.98 | E78: 5.99 | F78: 10 | G78: 9 | H78: 6.5 | I78: 5 | J78: 5 | K78: 4.75 | L78: 4.75 | M78: 1.75 | N78: 1.75 | O78: 5 | P78: 5.25 | Q78: 2.25 | R78: 0.75 | S78: 1.75 | T78: 9 | U78: 5.75 | V78: 4
B79: 14 Mar | D79: 5.98 | E79: 5.99 | F79: 10 | G79: 9 | H79: 6.5 | I79: 5 | J79: 5 | K79: 4.75 | L79: 4.75 | M79: 1.75 | N79: 1.75 | O79: 5 | P79: 5.25 | Q79: 2.25 | R79: 0.75 | S79: 1.75 | T79: 9 | U79: 5.75 | V79: 4
B80: 15 Mar | D80: 5.98 | F80: 10 | G80: 9 | H80: 6.5 | I80: 5 | J80: 5 | K80: 4.75 | L80: 4.75 | M80: 1.75 | N80: 1.75 | O80: 5 | P80: 5.25 | Q80: 2.25 | R80: 0.75 | S80: 2.5 | T80: 9 | U80: 5.75 | V80: 4
B81: 16 Mar | C81: 8.51 | D81: 5.98 | F81: 10 | G81: 9 | H81: 6.5 | I81: 5 | J81: 5 | K81: 4.75 | L81: 4.75 | M81: 1.75 | N81: 1.75 | O81: 5 | P81: 5.25 | Q81: 2.25 | R81: 0.75 | S81: 2.5 | T81: 8.5 | U81: 5.75 | V81: 4
B82: 17 Mar | C82: 8.51 | E82: 5.99 | F82: 10 | G82: 9 | H82: 6.5 | I82: 5 | J82: 5 | K82: 4.75 | L82: 4.75 | M82: 1.75 | N82: 1.75 | O82: 5 | P82: 5.25 | Q82: 1.25 | R82: 0.75 | S82: 2.5 | T82: 8.5 | U82: 5.75 | V82: 4
B83: 18 Mar | E83: 5.99 | F83: 10 | G83: 9 | H83: 6.5 | I83: 5 | J83: 5 | K83: 4.75 | L83: 4.75 | M83: 1.75 | N83: 1.75 | O83: 5 | P83: 5.25 | Q83: 1.25 | R83: 0.75 | S83: 2.5 | T83: 8.5 | U83: 5.75 | V83: 4
B84: 19 Mar | D84: 5.98 | E84: 5.99 | F84: 10 | G84: 9 | H84: 6.5 | I84: 5 | J84: 5 | K84: 4.75 | L84: 4.5 | M84: 1.75 | N84: 1.75 | O84: 5 | P84: 5.25 | Q84: 1.25 | R84: 0.75 | S84: 2.5 | T84: 8.5 | U84: 5.75 | V84: 4
B85: 20 Mar | C85: 8.51 | D85: 5.98 | F85: 10 | G85: 9 | H85: 6.5 | I85: 5 | J85: 5 | K85: 4.75 | L85: 4.5 | M85: 1.75 | N85: 1.75 | O85: 5 | P85: 5.25 | Q85: 1.25 | R85: 0.75 | S85: 2.5 | T85: 8.5 | U85: 5.75 | V85: 4
B86: 21 Mar | C86: 8.51 | D86: 5.98 | F86: 10 | G86: 9 | H86: 6.5 | I86: 5 | J86: 5 | K86: 4.75 | L86: 4.5 | M86: 1.75 | N86: 1.75 | O86: 5 | P86: 5.25 | Q86: 1.25 | R86: 0.75 | S86: 2.5 | T86: 8.5 | U86: 5.75 | V86: 4
B87: 22 Mar | C87: 8.51 | D87: 5.98 | F87: 10 | G87: 9 | H87: 6.5 | I87: 5 | J87: 5 | K87: 4.75 | L87: 4.5 | M87: 1.75 | N87: 1.75 | O87: 5 | P87: 5.25 | Q87: 1.25 | R87: 0.75 | S87: 2.5 | T87: 8.5 | U87: 5.25 | V87: 4
B88: 23 Mar | C88: 8.51 | D88: 5.98 | F88: 10 | G88: 9 | H88: 6.5 | I88: 5 | J88: 5 | K88: 4.75 | L88: 4.5 | M88: 1.75 | N88: 1.75 | O88: 5 | P88: 5.25 | Q88: 1.25 | R88: 0.75 | S88: 2.5 | T88: 8.5 | U88: 5.25 | V88: 4
B89: 24 Mar | C89: 8.51 | E89: 5.99 | F89: 10 | G89: 9 | H89: 6.5 | I89: 5 | J89: 5 | K89: 4.75 | L89: 4.5 | M89: 1.75 | N89: 1.75 | O89: 5 | P89: 5.25 | Q89: 1.25 | R89: 0.75 | S89: 2.5 | T89: 8.5 | U89: 5.25 | V89: 4
B90: 25 Mar | E90: 5.99 | F90: 10 | G90: 9 | H90: 6.5 | I90: 5 | J90: 5 | K90: 4.75 | L90: 4.5 | M90: 1.75 | N90: 1.75 | O90: 5 | P90: 5.25 | Q90: 1.25 | R90: 0.75 | S90: 2.5 | T90: 8.5 | U90: 5.25 | V90: 4
B91: 26 Mar | D91: 5.98 | E91: 5.99 | F91: 10 | G91: 9 | H91: 6.5 | I91: 5 | J91: 5 | K91: 4.75 | L91: 4.5 | M91: 1.75 | N91: 1.75 | O91: 5 | P91: 5.25 | Q91: 1.25 | R91: 0.75 | S91: 2.5 | T91: 8.5 | U91: 5.25 | V91: 4
B92: 27 Mar | C92: 8.51 | D92: 5.98 | E92: 5.99 | F92: 10 | G92: 9 | H92: 6.5 | I92: 5 | J92: 5 | K92: 4.75 | L92: 4.5 | M92: 1.75 | N92: 1.75 | O92: 5 | P92: 5.25 | Q92: 1.25 | R92: 0.75 | S92: 2.5 | T92: 8.5 | U92: 5.25 | V92: 4
B93: 28 Mar | C93: 8.51 | D93: 5.98 | E93: 5.99 | F93: 10 | G93: 9 | H93: 6.5 | I93: 5 | J93: 5 | K93: 4.75 | L93: 4.5 | M93: 1.75 | N93: 1.75 | O93: 5 | P93: 5 | Q93: 1.25 | R93: 0.75 | S93: 2.5 | T93: 8.5 | U93: 5.25 | V93: 4
B94: 29 Mar | C94: 8.51 | D94: 5.98 | F94: 10 | G94: 9 | H94: 6.5 | I94: 5 | J94: 5 | K94: 4.75 | L94: 4.5 | M94: 1.75 | N94: 1.75 | O94: 5 | P94: 5 | Q94: 1.25 | R94: 0.75 | S94: 2.5 | T94: 8.5 | U94: 5.25 | V94: 4
B95: 30 Mar | C95: 8.51 | D95: 5.98 | F95: 10 | G95: 9 | H95: 6.5 | I95: 5 | J95: 5 | K95: 4.75 | L95: 4.5 | M95: 1.75 | N95: 1.75 | O95: 5 | P95: 5 | Q95: 1.25 | R95: 0.75 | S95: 2.5 | T95: 8.5 | U95: 5.25 | V95: 4
B96: 31 Mar | C96: 8.51 | E96: 5.99 | F96: 10 | G96: 9 | H96: 6.5 | I96: 5 | J96: 5 | K96: 4.75 | L96: 4.5 | M96: 1.75 | N96: 1.75 | O96: 5 | P96: 5 | Q96: 1.25 | R96: 0.75 | S96: 2.5 | T96: 8.5 | U96: 5.25 | V96: 4
B97: 1 Abr | E97: 5.99 | F97: 10 | G97: 9 | H97: 6.5 | I97: 5 | J97: 5 | K97: 4.75 | L97: 4.5 | M97: 1.75 | N97: 1.75 | O97: 5 | P97: 5 | Q97: 1.25 | R97: 0.75 | S97: 2.5 | T97: 8.5 | U97: 5.25 | V97: 4
B98: 2 Abr | D98: 5.98 | E98: 5.99 | F98: 10 | G98: 9 | H98: 6.5 | I98: 5 | J98: 5 | K98: 4.75 | L98: 4.5 | M98: 1.75 | N98: 1.75 | O98: 5 | P98: 5 | Q98: 1.25 | R98: 0.75 | S98: 2.5 | T98: 8.5 | U98: 5.25 | V98: 4
B99: 3 Abr | C99: 8.51 | D99: 5.98 | E99: 5.99 | F99: 10 | G99: 9 | H99: 6.5 | I99: 5 | J99: 5 | K99: 4.75 | L99: 4.5 | M99: 1.75 | N99: 1.75 | O99: 5 | P99: 5 | Q99: 1.25 | R99: 0.75 | S99: 2.5 | T99: 8.5 | U99: 5.25 | V99: 4
B100: 4 Abr | C100: 8.51 | D100: 5.98 | E100: 5.99 | F100: 10 | G100: 9 | H100: 6.5 | I100: 5 | J100: 5 | K100: 4.75 | L100: 4.5 | M100: 1.75 | N100: 1.75 | O100: 5 | P100: 5 | Q100: 1.25 | R100: 0.75 | S100: 2.5 | T100: 8.5 | U100: 5.25 | V100: 4
B101: 5 Abr | C101: 8.51 | F101: 10 | G101: 9 | H101: 6.5 | I101: 5 | J101: 5 | K101: 4.75 | L101: 4.5 | M101: 1.75 | N101: 1.75 | O101: 5 | P101: 5 | Q101: 1.25 | R101: 0.75 | S101: 2.5 | T101: 8.5 | U101: 5.25 | V101: 4
B102: 6 Abr | C102: 8.51 | F102: 10 | G102: 9 | H102: 6.5 | I102: 5 | J102: 5 | K102: 4.75 | L102: 4.5 | M102: 1.75 | N102: 2.25 | O102: 5 | P102: 5 | Q102: 1.25 | R102: 0.75 | S102: 2.5 | T102: 8.5 | U102: 5.25 | V102: 4
...

Sheet Tipo de cambio
B1: Tipo de cambio de venta del dólar de los Estados Unidos de América
B2: En colones costarricenses (Referencia del Banco Central de Costa Rica)
B5: Fecha | C5: Tipo cambio venta | F5: Average of Tipo cambio venta | G5: Column Labels
B6: 45292 | C6: 526.88 | F6: Row Labels | G6: 2024 | H6: 2025 | I6: 2026 | J6: Grand Total
B7: 45293 | C7: 526.88 | F7: Jan | G7: 521.51581 | H7: 508.67452 | I7: 497.94419 | J7: 509.37817
B8: 45294 | C8: 525.68 | F8: Feb | G8: 519.45862 | H8: 509.92357 | I8: 492.85444 | J8: 509.51387
B9: 45295 | C9: 524.65 | F9: Mar | G9: 510.02129 | H9: 504.40355 | J9: 507.21242
B10: 45296 | C10: 523.83 | F10: Apr | G10: 504.981 | H10: 508.35533 | J10: 506.66817
B11: 45297 | C11: 524.73 | F11: May | G11: 515.43742 | H11: 509.32806 | J11: 512.38274
B12: 45298 | C12: 524.73 | F12: Jun | G12: 528.993 | H12: 508.63633 | J12: 518.81467
B13: 45299 | C13: 524.73 | F13: Jul | G13: 529.24774 | H13: 507.23484 | J13: 518.24129
B14: 45300 | C14: 525.27 | F14: Aug | G14: 525.70355 | H14: 507.73548 | J14: 516.71952
B15: 45301 | C15: 524.94 | F15: Sep | G15: 522.019 | H15: 507.50667 | J15: 514.76283
B16: 45302 | C16: 524.97 | F16: Oct | G16: 518.64903 | H16: 506.00194 | J16: 512.32548
B17: 45303 | C17: 523.15 | F17: Nov | G17: 513.608 | H17: 502.41 | J17: 508.009
B18: 45304 | C18: 523.3 | F18: Dec | G18: 509.1371 | H18: 497.75968 | J18: 503.44839
B19: 45305 | C19: 523.3 | F19: Grand Total | G19: 518.23333 | H19: 506.46682 | I19: 496.07449 | J19: 511.33518
B20: 45306 | C20: 523.3
B21: 45307 | C21: 521.13
B22: 45308 | C22: 519.39
B23: 45309 | C23: 520.16
B24: 45310 | C24: 519.23
B25: 45311 | C25: 519.36
B26: 45312 | C26: 519.36
B27: 45313 | C27: 519.36
B28: 45314 | C28: 518.32
B29: 45315 | C29: 517.72
B30: 45316 | C30: 517.5
B31: 45317 | C31: 517.07
... B785: 46071 | C785: 484.62

Sheet Inflación
B1: Índice de precios al consumidor (IPC)
B2: Diciembre 2020=100
B3: Niveles y variaciones
C5: Nivel | D5: Variación mensual (%) | E5: Variación interanual (%) | F5: Variación acumulada (%)/n3
B6: Enero/2024 | C6: 109.52907 | D6: 0.05509727 | E6: -1.868634 | F6: 0.05509726
B7: Febrero/2024 | C7: 109.41111 | D7: -0.10768991 | E7: -1.131406 | F7: -0.05265197
B8: Marzo/2024 | C8: 109.10053 | D8: -0.28387174 | E8: -1.1863148 | F8: -0.33637426
B9: Abril/2024 | C9: 109.45778 | D9: 0.32745448 | E9: -0.52081297 | F9: -0.01002126
B10: Mayo/2024 | C10: 109.54703 | D10: 0.08153899 | E10: -0.33476582 | F10: 0.07150957
B11: Junio/2024 | C11: 109.70548 | D11: 0.14464296 | E11: -0.03375699 | F11: 0.21625596
B12: Julio/2024 | C12: 109.57205 | D12: -0.12163323 | E12: 0.03187455 | F12: 0.09435969
B13: Agosto/2024 | C13: 109.6982 | D13: 0.11513259 | E13: 0.31250425 | F13: 0.20960092
B14: Septiembre/2024 | C14: 109.33301 | D14: -0.33290372 | E14: -0.13585182 | F14: -0.12400057
B15: Octubre/2024 | C15: 108.84745 | D15: -0.44411085 | E15: -0.7863946 | F15: -0.56756072
B16: Noviembre/2024 | C16: 109.35763 | D16: 0.4687144 | E16: -0.09182255 | F16: -0.10150656
B17: Diciembre/2024 | C17: 110.39017 | D17: 0.94418427 | E17: 0.8417193 | F17: 0.8417193
... B30: Enero/2026 | C30: 107.9854 | D30: -0.96346918 | E30: -2.5307416 | F30: -0.96346918
